id,name,abbreviation,other_names,description,classification,parent_id,founding_date,dissolution_date,image,url,jurisdiction_code,email,address,contact,tags,source_url
br/advocacia-geral-uniao,Advocacia-Geral da União,ADVGERAL,,,,br/presidencia-republica,,,,agu.gov.br,BR,,"SAS - Quadra 03, Lote 05/06, 14º andar - Ed. MULTIBRASIL Corporate, Brasília, DF, Brasil",,,http://repositorio.dados.gov.br/governo-politica/administracao-publica/estrutura-organizacional/
br/agencia-brasileira-inteligencia,Agência Brasileira de Inteligência,ABIN,,,,br/gabinete-seguranca-institucional-presidencia-republica,,,,http://www.abin.gov.br,BR,,"SPO Área 05 - Quadra 01 - Bloco A , Brasília, DF, Brasil",,,http://repositorio.dados.gov.br/governo-politica/administracao-publica/estrutura-organizacional/
br/agencia-espacial-brasileira,Agência Espacial Brasileira,AEB,,,,br/ministerio-ciencia-tecnologia-inovacao,,,,http://www.aeb.gov.br/,BR,,"Setor Policial Sul, Área 5, Qd. 3, Bl. A, 2º Andar, Brasília, DF, Brasil",,,http://repositorio.dados.gov.br/governo-politica/administracao-publica/estrutura-organizacional/
br/agencia-nacional-aguas,Agência Nacional de Águas,ANA,,,,br/ministerio-meio-ambiente,,,,http://www.ana.gov.br,BR,,"Setor Policial Sul, Área 5, Quadra 3, Bloco 'B', ""L"", ""M"", Brasília, DF, Brasil",,,http://repositorio.dados.gov.br/governo-politica/administracao-publica/estrutura-organizacional/
br/agencia-nacional-aviacao-civil,Agência Nacional de Aviação Civil,ANAC,,,,br/secretaria-aviacao-civil-presidencia-republica,,,,www.anac.gov.br,BR,,"Aeroporto Internacional de Brasília, Setor de Concessionárias, Lote 5, Brasília, DF, Brasil",,,http://repositorio.dados.gov.br/governo-politica/administracao-publica/estrutura-organizacional/
br/agencia-nacional-cinema,Agência Nacional do Cinema,ANCINE,,,,br/ministerio-cultura,,,,http://www.ancine.gov.br/ancine/,BR,,"Avenida Graça Aranha, nº 35 - 10º andar, Rio de Janeiro, RJ, Brasil",,,http://repositorio.dados.gov.br/governo-politica/administracao-publica/estrutura-organizacional/
br/agencia-nacional-energia-eletrica,Agência Nacional de Energia Elétrica,ANEEL,,,,br/ministerio-minas-energia,,,,http://www.aneel.gov.br/,BR,,"SGAN, Quadra 603, Módulo I e J , Brasília, DF, Brasil",,,http://repositorio.dados.gov.br/governo-politica/administracao-publica/estrutura-organizacional/
br/agencia-nacional-petroleo-gas-natural-biocombustiveis,"Agência Nacional do Petróleo, Gás Natural e Biocombustíveis",ANP,,,,br/ministerio-minas-energia,,,,http://www.anp.gov.br/,BR,,"Av.Rio Branco , 65  21º Andar, Rio de Janeiro, RJ, Brasil",,,http://repositorio.dados.gov.br/governo-politica/administracao-publica/estrutura-organizacional/
br/agencia-nacional-saude-suplementar,Agência Nacional de Saúde Suplementar,ANS,,,,br/ministerio-saude,,,,http://www.ans.gov.br,BR,,"Av. Augusto Severo, nº 84,  8º andar , Rio de Janeiro, RJ, Brasil",,,http://repositorio.dados.gov.br/governo-politica/administracao-publica/estrutura-organizacional/
br/agencia-nacional-telecomunicacoes,Agência Nacional de Telecomunicações,ANATEL,,,,br/ministerio-comunicacoes,,,,http://www.anatel.gov.br/,BR,,"SAUS, Quadra 6, Bloco H , Brasília, DF, Brasil",,,http://repositorio.dados.gov.br/governo-politica/administracao-publica/estrutura-organizacional/
br/agencia-nacional-transportes-aquaviarios,Agência Nacional de Transportes Aquaviários,ANTAQ,,,,br/secretaria-portos-presidencia-republica,,,,http://www.antaq.gov.br/,BR,,"SAN. Q 3, Bloco N/O, Ed. Núcleo dos transportes 2º andar, Brasília, DF, Brasil",,,http://repositorio.dados.gov.br/governo-politica/administracao-publica/estrutura-organizacional/
br/agencia-nacional-transportes-terrestres,Agência Nacional de Transportes Terrestres,ANTT,,,,br/ministerio-transportes,,,,http://www.antt.gov.br/,BR,,"Setor Bancário Norte, Quadra 2, Bloco C, Brasília, DF, Brasil",,,http://repositorio.dados.gov.br/governo-politica/administracao-publica/estrutura-organizacional/
br/agencia-nacional-vigilancia-sanitaria,Agência Nacional de Vigilância Sanitária,ANVISA,,,,br/ministerio-saude,,,,http://www.anvisa.gov.br,BR,,"Setor de Indústria e Abastecimento (SIA) - Trecho 5, Área Especial 57, Brasília, DF, Brasil",,,http://repositorio.dados.gov.br/governo-politica/administracao-publica/estrutura-organizacional/
br/assessoria-especial-presidente-republica,Assessoria Especial do Presidente da República,AEPR,,,,br/presidencia-republica,,,,,BR,,"Palácio do Planalto, 3º andar, Brasília, DF, Brasil",,,http://repositorio.dados.gov.br/governo-politica/administracao-publica/estrutura-organizacional/
br/autoridade-publica-olimpica,Autoridade Pública Olímpica,APO,,,,br/ministerio-esporte,,,,,BR,,"Rio de Janeiro, RJ, Brasil",,,http://repositorio.dados.gov.br/governo-politica/administracao-publica/estrutura-organizacional/
br/banco-amazonia-sa,Banco da Amazônia S.A.,BASA,,,,br/ministerio-fazenda,,,,http://www.bancoamazonia.com.br/contato_presidencia_diretorias.htm,BR,,"AV. PRESIDENTE VARGAS,800, ESQUINA COM RUA CARL, Belém, PA, Brasil",,,http://repositorio.dados.gov.br/governo-politica/administracao-publica/estrutura-organizacional/
br/banco-brasil-sa,Banco do Brasil S.A.,BB,,,,br/ministerio-fazenda,,,,https://www13.bb.com.br/appbb/portal/fs/rsp/index.jsp,BR,,"SETOR BANCÁRIO SUL, Q-4 BLOCO C LOTE 32, Brasília, DF, Brasil",,,http://repositorio.dados.gov.br/governo-politica/administracao-publica/estrutura-organizacional/
br/banco-central-brasil,Banco Central do Brasil,BACEN,,,,br/ministerio-fazenda,,,,http://www4.bcb.gov.br/?FALECONOSCO,BR,,"SBS, Quadra 3, Bloco B, Edifício Sede do BACEN, Brasília, DF, Brasil",,,http://repositorio.dados.gov.br/governo-politica/administracao-publica/estrutura-organizacional/
br/banco-nacional-desenvolvimento-economico-social,Banco Nacional de Desenvolvimento Econômico e Social,BNDES,,,,br/ministerio-desenvolvimento-industria-comercio-exterior,,,,http://www.bndes.gov.br/,BR,,"AVENIDA REPÚBLICA DO CHILE,100, Rio de Janeiro, RJ, Brasil",,,http://repositorio.dados.gov.br/governo-politica/administracao-publica/estrutura-organizacional/
br/banco-nordeste-brasil-sa,Banco do Nordeste do Brasil S.A.,BNB,,,,br/ministerio-fazenda,,,,http://www.banconordeste.gov.br/,BR,,"PRAÇA MURILO BORGES 01 / 5 ANDAR, Fortaleza, CE, Brasil",,,http://repositorio.dados.gov.br/governo-politica/administracao-publica/estrutura-organizacional/
br/caixa-construcoes-casas-pessoal-marinha,Caixa de Construções de Casas para o Pessoal da Marinha,CCCPCM,,,,br/comando-marinha,,,,http://,BR,,"Av. Rio Branco, 39, 13º Andar Centro, Rio de Janeiro, RJ, Brasil",,,http://repositorio.dados.gov.br/governo-politica/administracao-publica/estrutura-organizacional/
br/caixa-economica-federal,Caixa Econômica Federal,CEF,,,,br/ministerio-fazenda,,,,https://www1.caixa.gov.br/conversecom/index.asp,BR,,"SBS Qd.4, Lote 34, Brasília, DF, Brasil",,,http://repositorio.dados.gov.br/governo-politica/administracao-publica/estrutura-organizacional/
br/caixa-financiamento-imobiliario-aeronautica,Caixa de Financiamento Imobiliário da Aeronáutica,CFIAE,,,,br/comando-aeronautica,,,,http://www.cfiae.aer.mil.br,BR,,"Av Marechal Câmara, 233, 11º andar - Castelo, Rio de Janeiro, RJ, Brasil",,,http://repositorio.dados.gov.br/governo-politica/administracao-publica/estrutura-organizacional/
br/casa-civil-presidencia-republica,Casa Civil da Presidência da República,CC-PR,,,,br/presidencia-republica,,,,http://www.planalto.gov.br,BR,,"Palácio do Planalto, 4 Andar, sala 58 , Pça dos Três Poderes, Brasília, DF, Brasil",,,http://repositorio.dados.gov.br/governo-politica/administracao-publica/estrutura-organizacional/
br/casa-moeda-brasil,Casa da Moeda do Brasil,CMB,,,,br/ministerio-fazenda,,,,http://www.casadamoeda.com.br/,BR,,"RUA RENÉ BITTENCOURT N 371, DISTR. INDL. ST CRUZ, Rio de Janeiro, RJ, Brasil",,,http://repositorio.dados.gov.br/governo-politica/administracao-publica/estrutura-organizacional/
br/centrais-abastecimento-minas-gerais-sa,Centrais de Abastecimento de Minas Gerais S.A.,CEASA-MG,,,,br/ministerio-agricultura-pecuaria-abastecimento,,,,http://www.abracen.org.br/Lnk06.htm,BR,,"BR-040, Município de Contagem-MG, Contagem, MG, Brasil",,,http://repositorio.dados.gov.br/governo-politica/administracao-publica/estrutura-organizacional/
br/centrais-eletricas-brasileiras-sa,Centrais Elétricas Brasileiras S/A,ELETROBRÁS,,,,br/ministerio-minas-energia,,,,http://www.eletrobras.com.br,BR,,"Av. Presidente Vargas, 409/13º andar Centro, Rio de Janeiro, RJ, Brasil",,,http://repositorio.dados.gov.br/governo-politica/administracao-publica/estrutura-organizacional/
br/centro-federal-educacao-tecnologica-?celso-suckow-fonseca,Centro Federal de Educação Tecnológica ?Celso Suckow da Fonseca?,CEFET-RJ,,,,br/ministerio-educacao,,,,http://www.cefet-rj.br,BR,,"Avenida Maracanã, 229, Município do Rio de Janeiro - RJ, Rio de Janeiro, RJ, Brasil",,,http://repositorio.dados.gov.br/governo-politica/administracao-publica/estrutura-organizacional/
br/centro-federal-educacao-tecnologica-minas-gerais,Centro Federal de Educação Tecnológica de Minas Gerais,CEFET-MG,,,,br/ministerio-educacao,,,,http://www.cefetmg.br,BR,,"Avenida Amazonas, 5253, Belo Horizonte, MG, Brasil",,,http://repositorio.dados.gov.br/governo-politica/administracao-publica/estrutura-organizacional/
br/centro-nacional-tecnologia-eletronica-avancada-s-a,Centro Nacional de Tecnologia Eletrônica Avançada S. A,CEITEC/S.A.,,,,br/ministerio-ciencia-tecnologia-inovacao,,,,http://www.ceitec-sa.com/,BR,,"Estrada João de Oliveira Remião, 777, Porto Alegre, RS, Brasil",,,http://repositorio.dados.gov.br/governo-politica/administracao-publica/estrutura-organizacional/
br/colegio-pedro-ii,Colégio Pedro II,CP II,,,,br/ministerio-educacao,,,,http://www.cp2.g12.br/,BR,,"Campo de São Cristovão, 177, 2 Andar, Rio de Janeiro, RJ, Brasil",,,http://repositorio.dados.gov.br/governo-politica/administracao-publica/estrutura-organizacional/
br/comando-aeronautica,Comando da Aeronáutica,COMAER,,,,br/ministerio-defesa,,,,http://www.fab.mil.br/,BR,,"Esplanada dos Ministérios, Bloco M, 8 Andar, Brasília, DF, Brasil",,,http://repositorio.dados.gov.br/governo-politica/administracao-publica/estrutura-organizacional/
br/comando-exercito,Comando do Exército,CEX,,,,br/ministerio-defesa,,,,http://www.exercito.gov.br,BR,,"Quartel General do Exército, Bloco A, 4º andar SMU, Brasília, DF, Brasil",,,http://repositorio.dados.gov.br/governo-politica/administracao-publica/estrutura-organizacional/
br/comando-marinha,Comando da Marinha,CMAR,,,,br/ministerio-defesa,,,,http://www.mar.mil.br/,BR,,"Esplanada dos Ministérios, Bloco N, 2º Andar, Brasília, DF, Brasil",,,http://repositorio.dados.gov.br/governo-politica/administracao-publica/estrutura-organizacional/
br/comissao-nacional-energia-nuclear,Comissão Nacional de Energia Nuclear,CNEN,,,,br/ministerio-ciencia-tecnologia-inovacao,,,,http://www.cnen.gov.br,BR,,"Rua General Severiano, 90, Sala 300-A, Rio de Janeiro, RJ, Brasil",,,http://repositorio.dados.gov.br/governo-politica/administracao-publica/estrutura-organizacional/
br/comissao-valores-mobiliarios,Comissão de Valores Mobiliários,CVM,,,,br/ministerio-fazenda,,,,http://www.cvm.gov.br,BR,,"Rua Sete de Setembro, 111, Centro, Rio de Janeiro, RJ, Brasil",,,http://repositorio.dados.gov.br/governo-politica/administracao-publica/estrutura-organizacional/
br/companhia-armazens-silos-estado-minas-gerais,Companhia de Armazéns e Silos do Estado de Minas Gerais,CASEMG,,,,br/ministerio-agricultura-pecuaria-abastecimento,,,,,BR,,"Rua Timbiras, nº 1754, 14º e 15º andares, Belo Horizonte, MG, Brasil",,,http://repositorio.dados.gov.br/governo-politica/administracao-publica/estrutura-organizacional/
br/companhia-brasileira-trens-urbanos,Companhia Brasileira de Trens Urbanos ,CBTU,,,,br/ministerio-cidades,,,,www.cbtu.gov.br,BR,,"Praça Procópio Ferreira, nº 86, Rio de Janeiro, RJ, Brasil",,,http://repositorio.dados.gov.br/governo-politica/administracao-publica/estrutura-organizacional/
br/companhia-desenvolvimento-vales-sao-francisco-parnaiba,Companhia de Desenvolvimento dos Vales do São Francisco e do Parnaíba,CODEVASF,,,,br/ministerio-integracao-nacional,,,,http://www.codevasf.gov.br/,BR,,"SGAN QUADRA 601, CONJUNTO I, Brasília, DF, Brasil",,,http://repositorio.dados.gov.br/governo-politica/administracao-publica/estrutura-organizacional/
br/companhia-docas-ceara,Companhia Docas do Ceará,CDC,,,,br/secretaria-portos-presidencia-republica,,,,http://www.cdc.ce.gov.br/,BR,,"Praça Amigos da Marinha,S/N, Mucuripe, Fortaleza, CE, Brasil",,,http://repositorio.dados.gov.br/governo-politica/administracao-publica/estrutura-organizacional/
br/companhia-docas-espirito-santo,Companhia Docas do Espírito Santo,CODESA,,,,br/secretaria-portos-presidencia-republica,,,,http://www.portodevitoria.com.br/codesa.htm,BR,,"Avenida Getulio Vargas nº 556, Centro, Vitória, ES, Brasil",,,http://repositorio.dados.gov.br/governo-politica/administracao-publica/estrutura-organizacional/
br/companhia-docas-estado-bahia,Companhia das Docas do Estado da Bahia,CODEBA,,,,br/secretaria-portos-presidencia-republica,,,,http://www.codeba.com.br/favtop.html,BR,,"Avenida Franca  N 1551, Estação Marítima VIS, Salvador, BA, Brasil",,,http://repositorio.dados.gov.br/governo-politica/administracao-publica/estrutura-organizacional/
br/companhia-docas-estado-sao-paulo,Companhia Docas do Estado de São Paulo,CODESP,,,,br/secretaria-portos-presidencia-republica,,,,http://www.portodesantos.com.br/,BR,,"Avenida Rodrigues Alves S/Nº, Santos, SP, Brasil",,,http://repositorio.dados.gov.br/governo-politica/administracao-publica/estrutura-organizacional/
br/companhia-docas-maranhao,Companhia Docas do Maranhão,CODOMAR,,,,br/ministerio-transportes,,,,http://www.ahimoc.com.br/,BR,,"Porto do Itaqui S/N, Itaqui , São Luís, MA, Brasil",,,http://repositorio.dados.gov.br/governo-politica/administracao-publica/estrutura-organizacional/
br/companhia-docas-para,Companhia Docas do Pará,CDP,,,,br/secretaria-portos-presidencia-republica,,,,http://www.cdp.com.br/index.htm,BR,,"Avenida Presidente Vargas  N 41, 2 ANDAR, Belém, PA, Brasil",,,http://repositorio.dados.gov.br/governo-politica/administracao-publica/estrutura-organizacional/
br/companhia-docas-rio-grande-norte,Companhia Docas do Rio Grande do Norte,CODERN,,,,br/secretaria-portos-presidencia-republica,,,,http://www.codern.com.br/,BR,,"Av. Eng. Hildebrando de Góis, 220, Prédio , Natal, RN, Brasil",,,http://repositorio.dados.gov.br/governo-politica/administracao-publica/estrutura-organizacional/
br/companhia-docas-rio-janeiro,Companhia Docas do Rio de Janeiro,CDRJ,,,,br/secretaria-portos-presidencia-republica,,,,http://www.portosrio.gov.br/Cdrj/index.htm,BR,,"Rua Acre , nº 21, Rio de Janeiro, RJ, Brasil",,,http://repositorio.dados.gov.br/governo-politica/administracao-publica/estrutura-organizacional/
br/companhia-energetica-piaui,Companhia Energética do Piauí,CEPISA,,,,br/centrais-eletricas-brasileiras-sa,,,,http://,BR,,"Avenida Fernandes Lima, 3343, Brasil",,,http://repositorio.dados.gov.br/governo-politica/administracao-publica/estrutura-organizacional/
br/companhia-entrepostos-armazens-gerais-sao-paulo,Companhia de Entrepostos e Armazéns Gerais de São Paulo ,CEAGESP,,,,br/ministerio-agricultura-pecuaria-abastecimento,,,,http://www.ceagesp.com.br/,BR,,"Avenida Dr. Gastão Vidigal , 194, Vila  Leopoldina , São Paulo, SP, Brasil",,,http://repositorio.dados.gov.br/governo-politica/administracao-publica/estrutura-organizacional/
br/companhia-nacional-abastecimento,Companhia Nacional de Abastecimento,CONAB,,,,br/ministerio-agricultura-pecuaria-abastecimento,,,,http://www.conab.gov.br/,BR,,"SGAS Quadra 901, Conj A, Lote 69 , Ed. CONAB, Brasília, DF, Brasil",,,http://repositorio.dados.gov.br/governo-politica/administracao-publica/estrutura-organizacional/
br/companhia-pesquisa-recursos-minerais,Companhia de Pesquisa de Recursos Minerais,CPRM,,,,br/ministerio-minas-energia,,,,http://www.cprm.gov.br/,BR,,"SGAN , Quadra 603 , Modulo J , 1º Andar, Brasília, DF, Brasil",,,http://repositorio.dados.gov.br/governo-politica/administracao-publica/estrutura-organizacional/
br/conselho-administrativo-defesa-economica,Conselho Administrativo de Defesa Econômica,CADE,,,,br/ministerio-justica,,,,http://www.cade.gov.br,BR,,"SCN, Qd.02, Projeção C, Brasília, DF, Brasil",,,http://repositorio.dados.gov.br/governo-politica/administracao-publica/estrutura-organizacional/
br/conselho-nacional-desenvolvimento-cientifico-tecnologico,Conselho Nacional de Desenvolvimento Científico e Tecnológico,CNPq,,,,br/ministerio-ciencia-tecnologia-inovacao,,,,http://www.cnpq.br/,BR,,"SEPN, Quadra 507 3º andar sala 300, Brasília, DF, Brasil",,,http://repositorio.dados.gov.br/governo-politica/administracao-publica/estrutura-organizacional/
br/controladoria-geral-uniao,Controladoria-Geral da União,CGU,,,,br/presidencia-republica,,,,http://,BR,,"SAS Quadra 01 Bloco Ed. Darcy Ribeiro, Brasília, DF, Brasil",,,http://repositorio.dados.gov.br/governo-politica/administracao-publica/estrutura-organizacional/
br/coordenacao-aperfeicoamento-pessoal-nivel-superior,Coordenação de Aperfeiçoamento de Pessoal de Nível Superior,CAPES,,,,br/ministerio-educacao,,,,http://www.capes.gov.br,BR,,"Esplanada dos Ministérios, Bloco L, Anexo I - MEC, 2º andar, Brasília, DF, Brasil",,,http://repositorio.dados.gov.br/governo-politica/administracao-publica/estrutura-organizacional/
br/departamento-nacional-infraestrutura-transportes,Departamento Nacional de Infraestrutura de Transportes,DNIT/MT,,,,br/ministerio-transportes,,,,http://www.dnit.gov.br,BR,,"SAN. Q.03, Lote A, N/O Ed. Núcleo dos Transportes , Brasília, DF, Brasil",,,http://repositorio.dados.gov.br/governo-politica/administracao-publica/estrutura-organizacional/
br/departamento-nacional-obras-contra-secas,Departamento Nacional de Obras Contra as Secas,DNOCS,,,,br/ministerio-integracao-nacional,,,,http://www.dnocs.gov.br,BR,,"Avenida Duque de Caxias, 1700, Fortaleza, CE, Brasil",,,http://repositorio.dados.gov.br/governo-politica/administracao-publica/estrutura-organizacional/
br/departamento-nacional-producao-mineral,Departamento Nacional de Produção Mineral,DNPM,,,,br/ministerio-minas-energia,,,,http://www.dnpm.gov.br/,BR,,"SAN, Quadra 01, Bloco B, 3º andar , Brasília, DF, Brasil",,,http://repositorio.dados.gov.br/governo-politica/administracao-publica/estrutura-organizacional/
br/diretoria-servico-material-patrimonio,Diretoria do Serviço de Material e Patrimônio,DSMP,,,,65936,,,,,BR,,"SEPN, 513 Norte, lotes 2 e 3 , Brasília, DF, Brasil",,,http://repositorio.dados.gov.br/governo-politica/administracao-publica/estrutura-organizacional/
br/empresa-brasil-comunicacao-sa,Empresa Brasil de Comunicação S.A.,EBC,,,,br/secretaria-comunicacao-social-presidencia-republica,,,,http://www.radiobras.gov.br/,BR,,"SCRN 702/3 Ed. Radiobrás, Bloco B , Brasília, DF, Brasil",,,http://repositorio.dados.gov.br/governo-politica/administracao-publica/estrutura-organizacional/
br/empresa-brasileira-administracao-petroleo-gas-natural-sa--pre-sal-petroleo-sa,Empresa Brasileira de Administração de Petróleo e Gás Natural S.A.- Pré-Sal Petróleo S.A,PPSA,,,,br/ministerio-minas-energia,,,,,BR,,"Brasília, DF, Brasil",,,http://repositorio.dados.gov.br/governo-politica/administracao-publica/estrutura-organizacional/
br/empresa-brasileira-correios-telegrafos,Empresa Brasileira de Correios e Telégrafos,ECT,,,,br/ministerio-comunicacoes,,,,http://www.correios.com.br,BR,,"SBN Conj. 03 Bloco A 19º Andar, Brasília, DF, Brasil",,,http://repositorio.dados.gov.br/governo-politica/administracao-publica/estrutura-organizacional/
br/empresa-brasileira-hemoderivados-biotecnologia,Empresa Brasileira de Hemoderivados e Biotecnologia,HEMOBRÁS,,,,br/ministerio-saude,,,,http://portal.saude.gov.br/saude/hemobras/,BR,,"SCN quadra 01 - Projeção E,15º andar , Ed. Central Park , Brasília, DF, Brasil",,,http://repositorio.dados.gov.br/governo-politica/administracao-publica/estrutura-organizacional/
br/empresa-brasileira-infraestrutura-aeroportuaria,Empresa Brasileira de Infraestrutura Aeroportuária,INFRAERO,,,,br/secretaria-aviacao-civil-presidencia-republica,,,,http://www.infraero.gov.br/,BR,,"SCS Qd. 04 Bloco A, nº 58 - 6º andar, Edifício Infraero, Brasília, DF, Brasil",,,http://repositorio.dados.gov.br/governo-politica/administracao-publica/estrutura-organizacional/
br/empresa-brasileira-pesquisa-agropecuaria,Empresa Brasileira de Pesquisa Agropecuária,EMBRAPA,,,,br/ministerio-agricultura-pecuaria-abastecimento,,,,http://www.embrapa.br/,BR,,"Parque Estação Biológica - PqEB s/n°, Brasília, DF, Brasil",,,http://repositorio.dados.gov.br/governo-politica/administracao-publica/estrutura-organizacional/
br/empresa-brasileira-servicos-hospitalares,Empresa Brasileira de Serviços Hospitalares,EBSERH,,,,br/ministerio-educacao,,,,,BR,,", Brasil",,,http://repositorio.dados.gov.br/governo-politica/administracao-publica/estrutura-organizacional/
br/empresa-gerencial-projetos-navais,Empresa Gerencial de Projetos Navais,EMGEPRON,,,,br/comando-marinha,,,,http://www.emgepron.mar.mil.br/,BR,,"Ilha das Cobras Ed. 08,  Andar 3, Arsenal de Marinha , Rio de Janeiro, RJ, Brasil",,,http://repositorio.dados.gov.br/governo-politica/administracao-publica/estrutura-organizacional/
br/empresa-gestora-ativos,Empresa Gestora de Ativos,EMGEA,,,,br/ministerio-fazenda,,,,http://www.fazenda.gov.br/emgea/,BR,,"SBS - Qd. 02, SETOR BANCÁRIO SUL, Brasília, DF, Brasil",,,http://repositorio.dados.gov.br/governo-politica/administracao-publica/estrutura-organizacional/
br/empresa-pesquisa-energetica,Empresa de Pesquisa Energética,EPE,,,,br/ministerio-minas-energia,,,,http//www.epe.gov.br,BR,,"Avenida Rio Branco nº 01 , 11º Andar , Rio de Janeiro, RJ, Brasil",,,http://repositorio.dados.gov.br/governo-politica/administracao-publica/estrutura-organizacional/
br/empresa-tecnologia-informacoes-previdencia-social,Empresa de Tecnologia e Informações da Previdência Social,DATAPREV,,,,br/ministerio-previdencia-social,,,,http://www.dataprev.gov.br/,BR,,"SAS Quadra 1, Bloco E/F, Brasília, DF, Brasil",,,http://repositorio.dados.gov.br/governo-politica/administracao-publica/estrutura-organizacional/
br/empresa-trens-urbanos-porto-alegre-sa,Empresa de Trens Urbanos de Porto Alegre S.A,TRENSURB,,,,br/ministerio-cidades,,,,www.trensurb.com.br,BR,,"Av. Ernesto Neugebauer, 1985, Humaitá, Porto Alegre, RS, Brasil",,,http://repositorio.dados.gov.br/governo-politica/administracao-publica/estrutura-organizacional/
br/financiadora-estudos-projetos,Financiadora de Estudos e Projetos,FINEP,,,,br/ministerio-ciencia-tecnologia-inovacao,,,,http://www.finep.gov.br/,BR,,"Praia do Flamengo N 200, 1,2,3,4,5,13,24 E 25, Rio de Janeiro, RJ, Brasil",,,http://repositorio.dados.gov.br/governo-politica/administracao-publica/estrutura-organizacional/
br/fundacao-alexandre-gusmao,Fundação Alexandre de Gusmão,FUNAG,,,,br/ministerio-relacoes-exteriores,,,,http://www.funag.gov.br,BR,,"Ministério das Relações Exteriores, Bloco H - Anexo II, Térreo, Brasília, DF, Brasil",,,http://repositorio.dados.gov.br/governo-politica/administracao-publica/estrutura-organizacional/
br/fundacao-biblioteca-nacional,Fundação Biblioteca Nacional,FBN,,,,br/ministerio-cultura,,,,http://www.bn.br/,BR,,"Avenida Rio Branco, 219, 4º Andar, Centro, Rio de Janeiro, RJ, Brasil",,,http://repositorio.dados.gov.br/governo-politica/administracao-publica/estrutura-organizacional/
br/fundacao-casa-rui-barbosa,Fundação Casa de Rui Barbosa,FCRB,,,,br/ministerio-cultura,,,,http://www.casaruibarbosa.gov.br/,BR,,"Rua São Clemente, 134, Botafogo, Rio de Janeiro, RJ, Brasil",,,http://repositorio.dados.gov.br/governo-politica/administracao-publica/estrutura-organizacional/
br/fundacao-cultural-palmares,Fundação Cultural Palmares,FCP,,,,br/ministerio-cultura,,,,http:/www.minc.gov.br/fcp/,BR,,"SBN, Quadra 02, Edifício Central Brasília, Bloco F 1º Subsolo, Brasília, DF, Brasil",,,http://repositorio.dados.gov.br/governo-politica/administracao-publica/estrutura-organizacional/
br/fundacao-escola-nacional-administracao-publica,Fundação Escola Nacional de Administração Pública,ENAP,,,,br/ministerio-planejamento-orcamento-gestao,,,,www.enap.gov.br,BR,,"SAIS, Área 2A, Brasília, DF, Brasil",,,http://repositorio.dados.gov.br/governo-politica/administracao-publica/estrutura-organizacional/
br/fundacao-habitacional-exercito,Fundação Habitacional do Exército,FHE,,,,br/comando-exercito,,,,http://www.soleis.adv.br/poupexfundacaoexercito.htm,BR,,"Avenida Duque de Caxias s/nº, Brasília, DF, Brasil",,,http://repositorio.dados.gov.br/governo-politica/administracao-publica/estrutura-organizacional/
br/fundacao-instituto-brasileiro-geografia-estatistica,Fundação Instituto Brasileiro de Geografia e Estatística,IBGE,,,,br/ministerio-planejamento-orcamento-gestao,,,,http://www.ibge.gov.br,BR,,"AV. BEIRA MAR, 436 - 13° ANDAR, Rio de Janeiro, RJ, Brasil",,,http://repositorio.dados.gov.br/governo-politica/administracao-publica/estrutura-organizacional/
br/fundacao-instituto-pesquisa-economica-aplicada,Fundação Instituto de Pesquisa Econômica Aplicada,IPEA,,,,br/secretaria-assuntos-estrategicos-presidencia-republica,,,,http://www.ipea.gov.br,BR,,"SBS, Edifício BNDES, Quadra 1, Bloco J sala 1501, Brasília, DF, Brasil",,,http://repositorio.dados.gov.br/governo-politica/administracao-publica/estrutura-organizacional/
br/fundacao-joaquim-nabuco,Fundação Joaquim Nabuco,FUNDAJ,,,,br/ministerio-educacao,,,,http://www.fundaj.gov.br/,BR,,"Avenida Dezessete de Agosto, 2187, Recife, PE, Brasil",,,http://repositorio.dados.gov.br/governo-politica/administracao-publica/estrutura-organizacional/
br/fundacao-jorge-duprat-figueiredo-seguranca-medicina-trabalho,"Fundação Jorge Duprat Figueiredo, de Segurança e Medicina do Trabalho",FUNDACENTRO,,,,br/ministerio-trabalho-emprego,,,,http://www.fundacentro.gov.br,BR,,"Rua Capote Valente, 710, São Paulo, SP, Brasil",,,http://repositorio.dados.gov.br/governo-politica/administracao-publica/estrutura-organizacional/
br/fundacao-nacional-artes,Fundação Nacional de Artes,FUNARTE,,,,br/ministerio-cultura,,,,http://www.funarte.gov.br,BR,,"Rua da Imprensa, 16 - 5º andar - sl. 511, Rio de Janeiro, RJ, Brasil",,,http://repositorio.dados.gov.br/governo-politica/administracao-publica/estrutura-organizacional/
br/fundacao-nacional-indio,Fundação Nacional do Índio,FUNAI,,,,br/ministerio-justica,,,,http://www.funai.gov.br,BR,,"SEPS Quadra 702/902 Projeção A, Ed. Lex, Brasília, DF, Brasil",,,http://repositorio.dados.gov.br/governo-politica/administracao-publica/estrutura-organizacional/
br/fundacao-nacional-saude,Fundação Nacional de Saúde,FUNASA,,,,br/ministerio-saude,,,,http://www.funasa.gov.br,BR,,"SAS, Quadra 4, Bloco N, 5º Andar, Brasília, DF, Brasil",,,http://repositorio.dados.gov.br/governo-politica/administracao-publica/estrutura-organizacional/
br/fundacao-osorio,Fundação Osório,FOSORIO,,,,br/comando-exercito,,,,http://www.fosorio.ensino.eb.br/,BR,,"Rua Paula Ramos, 52, Rio Comprido, RJ, Brasil",,,http://repositorio.dados.gov.br/governo-politica/administracao-publica/estrutura-organizacional/
br/fundacao-oswaldo-cruz,Fundação Oswaldo Cruz,FIOCRUZ,,,,br/ministerio-saude,,,,http://www.fiocruz.br,BR,,"Avenida Brasil, 4365, Manguinhos, Rio de Janeiro, RJ, Brasil",,,http://repositorio.dados.gov.br/governo-politica/administracao-publica/estrutura-organizacional/
br/fundacao-universidade-amazonas,Fundação Universidade do Amazonas,UFAM,,,,br/ministerio-educacao,,,,http://www.fua.br,BR,,"Avenida General Rodrigo Octávio Mourão Ramos, 3000, Manaus, AM, Brasil",,,http://repositorio.dados.gov.br/governo-politica/administracao-publica/estrutura-organizacional/
br/fundacao-universidade-brasilia,Fundação Universidade de Brasília,UNB,,,,br/ministerio-educacao,,,,http://www.unb.br,BR,,"Campus Universitário Darcy Ribeiro Gleba- A - Reit, Brasília, DF, Brasil",,,http://repositorio.dados.gov.br/governo-politica/administracao-publica/estrutura-organizacional/
br/fundacao-universidade-federal-abc,Fundação Universidade Federal do ABC,UFABC,,,,br/ministerio-educacao,,,,http:// www.ufabc.edu.br ,BR,,"Av. Industrial, 3.330 - Santo André, Santo André, SP, Brasil",,,http://repositorio.dados.gov.br/governo-politica/administracao-publica/estrutura-organizacional/
br/fundacao-universidade-federal-acre,Fundação Universidade Federal do Acre,UFAC,,,,br/ministerio-educacao,,,,http://yaco.ufac.br,BR,,"Campus Universitário Reitor Aulio Gelio Alves Souz, Caixa Postal 500, Rio Branco, AC, Brasil",,,http://repositorio.dados.gov.br/governo-politica/administracao-publica/estrutura-organizacional/
br/fundacao-universidade-federal-amapa,Fundação Universidade Federal do Amapá,UNIFAP,,,,br/ministerio-educacao,,,,http://www.unifap.br,BR,,"Rodovia Juscelino Kubitschek, Km 2 Estrada Fazenda, Macapá, AP, Brasil",,,http://repositorio.dados.gov.br/governo-politica/administracao-publica/estrutura-organizacional/
br/fundacao-universidade-federal-ciencias-saude-porto-alegre,Fundação Universidade Federal de Ciências da Saúde de Porto Alegre,UFCSPA,,,,br/ministerio-educacao,,,,http://www.fffcmpa.tche.br/,BR,,"Rua Sarmento Leite, 245, Porto Alegre, RS, Brasil",,,http://repositorio.dados.gov.br/governo-politica/administracao-publica/estrutura-organizacional/
br/fundacao-universidade-federal-grande-dourados,Fundação Universidade Federal da Grande Dourados,UFGD,,,,br/ministerio-educacao,,,,,BR,,"Dourados, MS, Brasil",,,http://repositorio.dados.gov.br/governo-politica/administracao-publica/estrutura-organizacional/
br/fundacao-universidade-federal-maranhao,Fundação Universidade Federal do Maranhão,UFMA,,,,br/ministerio-educacao,,,,http://www.ufma.br,BR,,"Praça Gonçalves Dias, 351, Centro Campus Universitário, São Luís, MA, Brasil",,,http://repositorio.dados.gov.br/governo-politica/administracao-publica/estrutura-organizacional/
br/fundacao-universidade-federal-mato-grosso,Fundação Universidade Federal de Mato Grosso,UFMT,,,,br/ministerio-educacao,,,,http:/www.ufmt.br/,BR,,"Avenida Fernando Corrêa da Costa, S/n Campus Universitário, Cuiabá, MT, Brasil",,,http://repositorio.dados.gov.br/governo-politica/administracao-publica/estrutura-organizacional/
br/fundacao-universidade-federal-mato-grosso-sul,Fundação Universidade Federal de Mato Grosso do Sul,UFMS,,,,br/ministerio-educacao,,,,http:/www.ufms.br/,BR,,"Avenida Costa e Silva, Cidade Universitária Caixa Postal 549, Campo Grande, MS, Brasil",,,http://repositorio.dados.gov.br/governo-politica/administracao-publica/estrutura-organizacional/
br/fundacao-universidade-federal-ouro-preto,Fundação Universidade Federal de Ouro Preto,UFOP,,,,br/ministerio-educacao,,,,http://www.ufop.br,BR,,"Rua Diogo Vasconcelos, 122, Ouro Preto, MG, Brasil",,,http://repositorio.dados.gov.br/governo-politica/administracao-publica/estrutura-organizacional/
br/fundacao-universidade-federal-pampa,Fundação Universidade Federal do Pampa,UNIPAMPA,,,,br/ministerio-educacao,,,,http://www.unipampa.edu.br,BR,,"Bagé, RS, Brasil",,,http://repositorio.dados.gov.br/governo-politica/administracao-publica/estrutura-organizacional/
br/fundacao-universidade-federal-pelotas,Fundação Universidade Federal de Pelotas,UFPel,,,,br/ministerio-educacao,,,,http://www.ufpel.tche.br/,BR,,"Rua Tiradentes, 2515/A - Campus Universitário, Pelotas, RS, Brasil",,,http://repositorio.dados.gov.br/governo-politica/administracao-publica/estrutura-organizacional/
br/fundacao-universidade-federal-piaui,Fundação Universidade Federal do Piauí,UFPI,,,,br/ministerio-educacao,,,,http://www.ufpi.br,BR,,"Campus Universitário, , Teresina, PI, Brasil",,,http://repositorio.dados.gov.br/governo-politica/administracao-publica/estrutura-organizacional/
br/fundacao-universidade-federal-rio-grande,Fundação Universidade Federal do Rio Grande,FURG,,,,br/ministerio-educacao,,,,http://www.furg.br/,BR,,"Rua Eng. Alfredo Huch, 475, Rio Grande, RS, Brasil",,,http://repositorio.dados.gov.br/governo-politica/administracao-publica/estrutura-organizacional/
br/fundacao-universidade-federal-rondonia,Fundação Universidade Federal de Rondônia,UNIR,,,,br/ministerio-educacao,,,,http://www.unir.br/,BR,,"Av. Presidente Dutra, 2965, Porto Velho, RO, Brasil",,,http://repositorio.dados.gov.br/governo-politica/administracao-publica/estrutura-organizacional/
br/fundacao-universidade-federal-roraima,Fundação Universidade Federal de Roraima,UFRR,,,,br/ministerio-educacao,,,,http://www.ufrr.br/,BR,,"Br 174, s/n, Campus do Paricarana, Boa Vista, RR, Brasil",,,http://repositorio.dados.gov.br/governo-politica/administracao-publica/estrutura-organizacional/
br/fundacao-universidade-federal-sao-carlos,Fundação Universidade Federal de São Carlos,UFSCar,,,,br/ministerio-educacao,,,,http://www.ufscar.br/,BR,,"Rodovia Washington Luís , São Carlos, SP, Brasil",,,http://repositorio.dados.gov.br/governo-politica/administracao-publica/estrutura-organizacional/
br/fundacao-universidade-federal-sao-joao-del-rei,Fundação Universidade Federal de São João Del Rei,FUNRei,,,,br/ministerio-educacao,,,, http://www.ufsj.edu.br,BR,,"Praça Frei Orlando, 170 - Centro Campus Santo Antônio, São João Del Rei, MG, Brasil",,,http://repositorio.dados.gov.br/governo-politica/administracao-publica/estrutura-organizacional/
br/fundacao-universidade-federal-sergipe,Fundação Universidade Federal de Sergipe,UFS,,,,br/ministerio-educacao,,,,http://www.ufs.br/,BR,,"Av. Mal. Rondon, s/n - Cidade Universitária, São Cristovão, SE, Brasil",,,http://repositorio.dados.gov.br/governo-politica/administracao-publica/estrutura-organizacional/
br/fundacao-universidade-federal-tocantins,Fundação Universidade Federal do Tocantins,UFT,,,,br/ministerio-educacao,,,,http://www.unb.br/reitor/reitoria-informa/uft/informes_noticias/index3,BR,,"Avenida Fernandes Lima, 72 , Brasil",,,http://repositorio.dados.gov.br/governo-politica/administracao-publica/estrutura-organizacional/
br/fundacao-universidade-federal-vale-sao-francisco,Fundação Universidade Federal do Vale do São Francisco,UNIVASF,,,,br/ministerio-educacao,,,,http://www.univasf.edu.br,BR,,"Avenida José de Sá Maniçoba, S/N, Centro, Petrolina, PE, Brasil",,,http://repositorio.dados.gov.br/governo-politica/administracao-publica/estrutura-organizacional/
br/fundacao-universidade-federal-vicosa,Fundação Universidade Federal de Viçosa,UFV,,,,br/ministerio-educacao,,,,http://www.ufv.br,BR,,"Avenida P. H. Rolfs s/n, Campus UFV , Viçosa, MG, Brasil",,,http://repositorio.dados.gov.br/governo-politica/administracao-publica/estrutura-organizacional/
br/fundo-nacional-desenvolvimento,Fundo Nacional de Desenvolvimento,FND,,,,br/ministerio-desenvolvimento-industria-comercio-exterior,,,,http://www.bndes.gov.br/empresa/desempenho/fnd/default.asp,BR,,"Avenida República do Chile, 100, 11 Andar, Rio de Janeiro, RJ, Brasil",,,http://repositorio.dados.gov.br/governo-politica/administracao-publica/estrutura-organizacional/
br/fundo-nacional-desenvolvimento-educacao,Fundo Nacional de Desenvolvimento da Educação,FNDE,,,,br/ministerio-educacao,,,,http://www.fnde.gov.br/,BR,,"SBS, Quadra 02, Bloco F, 5º andar, sala 508 Edifício Áurea, Brasília, DF, Brasil",,,http://repositorio.dados.gov.br/governo-politica/administracao-publica/estrutura-organizacional/
br/gabinete-pessoal-presidente-republica,Gabinete Pessoal do Presidente da República,GP-PR,,,,br/presidencia-republica,,,,http://www.planalto.gov.br,BR,,"Palácio do Planalto, 3º Andar Pça dos Três Poderes, Brasília, DF, Brasil",,,http://repositorio.dados.gov.br/governo-politica/administracao-publica/estrutura-organizacional/
br/gabinete-presidencia,Gabinete da Presidência,Gpr,,,,65129,,,,,BR,,"Av. Pres. Antonio Carlos, 251 sala 864 8º e 9º and , Rio de Janeiro, RJ, Brasil",,,http://repositorio.dados.gov.br/governo-politica/administracao-publica/estrutura-organizacional/
br/gabinete-seguranca-institucional-presidencia-republica,Gabinete de Segurança Institucional da Presidência da República,GSI-PR,,,,br/presidencia-republica,,,,http://www.planalto.gov.br/militar/camilitar.htm,BR,,"Palácio do Planalto, 4 Andar, Brasília, DF, Brasil",,,http://repositorio.dados.gov.br/governo-politica/administracao-publica/estrutura-organizacional/
br/hospital-clinicas-porto-alegre,Hospital de Clínicas de Porto Alegre,HCPA,,,,br/ministerio-educacao,,,,http://www.hcpa.ufrgs.br/index.html,BR,,"Rua Ramiro Barcelos, 2350, Bairro: Bonfim , Porto Alegre, RS, Brasil",,,http://repositorio.dados.gov.br/governo-politica/administracao-publica/estrutura-organizacional/
br/hospital-cristo-redentor-sa,Hospital Cristo Redentor S/A,HCR,,,,br/ministerio-saude,,,,http://www.ghc.com.br/hcr.html,BR,,"Rua Domingos Rubo, 20, Porto Alegre, RS, Brasil",,,http://repositorio.dados.gov.br/governo-politica/administracao-publica/estrutura-organizacional/
br/hospital-femina-sa,Hospital Fêmina S/A,HF,,,,br/ministerio-saude,,,,http://www.ghc.com.br/femina.html,BR,,"Rua Mostardeiro, 17, Porto Alegre, RS, Brasil",,,http://repositorio.dados.gov.br/governo-politica/administracao-publica/estrutura-organizacional/
br/hospital-nossa-senhora-conceicao-sa,Hospital Nossa Senhora da Conceição S/A,HNSC,,,,br/ministerio-saude,,,,http://www.ghc.com.br/hnsc.html,BR,,"RUA FRANCISCO TREIN, 596, Porto Alegre, RS, Brasil",,,http://repositorio.dados.gov.br/governo-politica/administracao-publica/estrutura-organizacional/
br/industria-material-belico-brasil,Indústria de Material Bélico do Brasil,IMBEL,,,,br/comando-exercito,,,,http://www.imbel.gov.br/,BR,,"QGEX Bloco H 3º Andar SMU, Brasília, DF, Brasil",,,http://repositorio.dados.gov.br/governo-politica/administracao-publica/estrutura-organizacional/
br/industrias-nucleares-brasil-sa,Indústrias Nucleares do Brasil S/A,INB,,,,br/comissao-nacional-energia-nuclear,,,,http://www.inb.gov.br/,BR,,"Rua Mena Barreto, 161, Botafogo, Rio de Janeiro, RJ, Brasil",,,http://repositorio.dados.gov.br/governo-politica/administracao-publica/estrutura-organizacional/
br/instituto-brasileiro-meio-ambiente-recursos-naturais-renovaveis,Instituto Brasileiro do Meio Ambiente e dos Recursos Naturais Renováveis,IBAMA,,,,br/ministerio-meio-ambiente,,,,http://www.ibama.gov.br,BR,,"SCEN Trecho II Ed. Sede do Ibama, Brasília, DF, Brasil",,,http://repositorio.dados.gov.br/governo-politica/administracao-publica/estrutura-organizacional/
br/instituto-brasileiro-museus,Instituto Brasileiro de Museus,IBRAM,,,,br/ministerio-cultura,,,,http://www.iphan.gov.br,BR,,"SBN, Quadra 02, Bloco F, Edifício Central Brasília, 6º andar, Brasil",,,http://repositorio.dados.gov.br/governo-politica/administracao-publica/estrutura-organizacional/
br/instituto-brasileiro-turismo,Instituto Brasileiro de Turismo,EMBRATUR,,,,br/ministerio-turismo,,,,http://www.embratur.gov.br,BR,,"SCN Quadra 02 Bloco G, Brasília, DF, Brasil",,,http://repositorio.dados.gov.br/governo-politica/administracao-publica/estrutura-organizacional/
br/instituto-chico-mendes-conservacao-biodiversidade,Instituto Chico Mendes de Conservação da Biodiversidade,ICMBio,,,,br/ministerio-meio-ambiente,,,,http://www.icmbio.gov.br,BR,,"EQSW 103/104, Bloco C, Complexo Administrativo Setor Sudoeste, Brasília, DF, Brasil",,,http://repositorio.dados.gov.br/governo-politica/administracao-publica/estrutura-organizacional/
br/instituto-federal-educacao-ciencia-tecnologia-acre,"Instituto Federal de Educação, Ciência e Tecnologia do Acre",IFAC,,,,br/ministerio-educacao,,,,http://,BR,,"Av. Brasil , s/n, Rio Branco, AC, Brasil",,,http://repositorio.dados.gov.br/governo-politica/administracao-publica/estrutura-organizacional/
br/instituto-federal-educacao-ciencia-tecnologia-alagoas,"Instituto Federal de Educação, Ciência e Tecnologia de Alagoas",IFAL,,,,br/ministerio-educacao,,,,,BR,,"Rua Mizael Domingues, 75, Maceió, AL, Brasil",,,http://repositorio.dados.gov.br/governo-politica/administracao-publica/estrutura-organizacional/
br/instituto-federal-educacao-ciencia-tecnologia-amapa,"Instituto Federal de Educação, Ciência e Tecnologia do Amapá",IF AP,,,,br/ministerio-educacao,,,,http://,BR,,"Avenida Ernestino Borges nº551, Macapá, AP, Brasil",,,http://repositorio.dados.gov.br/governo-politica/administracao-publica/estrutura-organizacional/
br/instituto-federal-educacao-ciencia-tecnologia-amazonas,"Instituto Federal de Educação, Ciência e Tecnologia do Amazonas",IFAM,,,,br/ministerio-educacao,,,,,BR,,"Avenida Sete de Setembro Nº1975, Manaus, AM, Brasil",,,http://repositorio.dados.gov.br/governo-politica/administracao-publica/estrutura-organizacional/
br/instituto-federal-educacao-ciencia-tecnologia-bahia,"Instituto Federal de Educação, Ciência e Tecnologia da Bahia",IF BA,,,,br/ministerio-educacao,,,,http://www.cefetba.br,BR,,"Rua Amídio dos Santos, s/n - Prédio Administrativo, 4º Andar, Salvador, BA, Brasil",,,http://repositorio.dados.gov.br/governo-politica/administracao-publica/estrutura-organizacional/
br/instituto-federal-educacao-ciencia-tecnologia-baiano,"Instituto Federal de Educação, Ciência e Tecnologia Baiano",IF BAIANO,,,,br/ministerio-educacao,,,,,BR,,"Rua do Roxinol, nº 115, Salvador, BA, Brasil",,,http://repositorio.dados.gov.br/governo-politica/administracao-publica/estrutura-organizacional/
br/instituto-federal-educacao-ciencia-tecnologia-brasilia,"Instituto Federal de Educação, Ciência e Tecnologia de Brasília",IFB,,,,br/ministerio-educacao,,,,http://www.ifb.edu.br,BR,,"SEPN 504, BL A, 3º ANDAR, ED. ANA CAROLINA, Brasília, DF, Brasil",,,http://repositorio.dados.gov.br/governo-politica/administracao-publica/estrutura-organizacional/
br/instituto-federal-educacao-ciencia-tecnologia-catarinense,"Instituto Federal de Educação, Ciência e Tecnologia Catarinense",IFC,,,,br/ministerio-educacao,,,,,BR,,"Rua das Missões 100, Blumenau, SC, Brasil",,,http://repositorio.dados.gov.br/governo-politica/administracao-publica/estrutura-organizacional/
br/instituto-federal-educacao-ciencia-tecnologia-ceara,"Instituto Federal de Educação, Ciência e Tecnologia do Ceará",IF CE,,,,br/ministerio-educacao,,,,,BR,,"Iguatu, CE, Brasil",,,http://repositorio.dados.gov.br/governo-politica/administracao-publica/estrutura-organizacional/
br/instituto-federal-educacao-ciencia-tecnologia-espirito-santo,"Instituto Federal de Educação, Ciência e Tecnologia do Espírito Santo",IF ES,,,,br/ministerio-educacao,,,,,BR,,"Alegre, ES, Brasil",,,http://repositorio.dados.gov.br/governo-politica/administracao-publica/estrutura-organizacional/
br/instituto-federal-educacao-ciencia-tecnologia-farroupilha,"Instituto Federal de Educação, Ciência e Tecnologia Farroupilha",IF FAR,,,,br/ministerio-educacao,,,,,BR,,"Alegrete, RS, Brasil",,,http://repositorio.dados.gov.br/governo-politica/administracao-publica/estrutura-organizacional/
br/instituto-federal-educacao-ciencia-tecnologia-fluminense,"Instituto Federal de Educação, Ciência e Tecnologia Fluminense",IF FLUMINENSE,,,,br/ministerio-educacao,,,,,BR,,"Rua Doutor Siqueira, 273, Campos dos Goitacazes, RJ, Brasil",,,http://repositorio.dados.gov.br/governo-politica/administracao-publica/estrutura-organizacional/
br/instituto-federal-educacao-ciencia-tecnologia-goiano,"Instituto Federal de Educação, Ciência e Tecnologia Goiano",IF GOIANO,,,,br/ministerio-educacao,,,,ifgoiano.edu.br,BR,,"Rua 88, esquina com Rua 88 D - quadra F-37, lotes 32-34 e 36, Goiânia, GO, Brasil",,,http://repositorio.dados.gov.br/governo-politica/administracao-publica/estrutura-organizacional/
br/instituto-federal-educacao-ciencia-tecnologia-goias,"Instituto Federal de Educação, Ciência e Tecnologia de Goiás",IF GO,,,,br/ministerio-educacao,,,,http://www.etfgo.br/,BR,,"Rua 75, n° 46, Centro, Goiânia, GO, Brasil",,,http://repositorio.dados.gov.br/governo-politica/administracao-publica/estrutura-organizacional/
br/instituto-federal-educacao-ciencia-tecnologia-maranhao,"Instituto Federal de Educação, Ciência e Tecnologia do Maranhão",IF MA,,,,br/ministerio-educacao,,,,http://www.ifma.edu.br/,BR,,"Av. Getúlio Vargas, nº04, São Luís, MA, Brasil",,,http://repositorio.dados.gov.br/governo-politica/administracao-publica/estrutura-organizacional/
br/instituto-federal-educacao-ciencia-tecnologia-mato-grosso,"Instituto Federal de Educação, Ciência e Tecnologia do Mato Grosso",IF MT,,,,br/ministerio-educacao,,,,www.ifmt.edu.br,BR,,"Rua Comandante Costa, 1144, sala 12, Ed. Tarcom, Cuiabá, MT, Brasil",,,http://repositorio.dados.gov.br/governo-politica/administracao-publica/estrutura-organizacional/
br/instituto-federal-educacao-ciencia-tecnologia-mato-grosso-sul,"Instituto Federal de Educação, Ciência e Tecnologia do Mato Grosso do Sul",IFMS,,,,br/ministerio-educacao,,,,www.ifms.edu.br,BR,,"Avenida Afonso Pena Nº 775, Campo Grande, MS, Brasil",,,http://repositorio.dados.gov.br/governo-politica/administracao-publica/estrutura-organizacional/
br/instituto-federal-educacao-ciencia-tecnologia-minas-gerais,"Instituto Federal de Educação, Ciência e Tecnologia de Minas Gerais",IF MG,,,,br/ministerio-educacao,,,,http://www.ifmg.edu.br/if,BR,,"Av. Professor Mario Werneck, Nº 2590, Belo Horizonte, MG, Brasil",,,http://repositorio.dados.gov.br/governo-politica/administracao-publica/estrutura-organizacional/
br/instituto-federal-educacao-ciencia-tecnologia-norte-minas-gerais,"Instituto Federal de Educação, Ciência e Tecnologia do Norte de Minas Gerais",IF MG N,,,,br/ministerio-educacao,,,,http://www.ifnmg.edu.br/,BR,,"Rua Gabriel Passos 259, Montes Claros, MG, Brasil",,,http://repositorio.dados.gov.br/governo-politica/administracao-publica/estrutura-organizacional/
br/instituto-federal-educacao-ciencia-tecnologia-para,"Instituto Federal de Educação, Ciência e Tecnologia do Pará",IFPA,,,,br/ministerio-educacao,,,,,BR,,"Castanhal, PA, Brasil",,,http://repositorio.dados.gov.br/governo-politica/administracao-publica/estrutura-organizacional/
br/instituto-federal-educacao-ciencia-tecnologia-paraiba,"Instituto Federal de Educação, Ciência e Tecnologia da Paraíba",IF PB,,,,br/ministerio-educacao,,,,,BR,,"Av. 1º de Maio, 720, João Pessoa, PB, Brasil",,,http://repositorio.dados.gov.br/governo-politica/administracao-publica/estrutura-organizacional/
br/instituto-federal-educacao-ciencia-tecnologia-parana,"Instituto Federal de Educação, Ciência e Tecnologia do Paraná",IFPR,,,,br/ministerio-educacao,,,,,BR,,"Curitiba, PR, Brasil",,,http://repositorio.dados.gov.br/governo-politica/administracao-publica/estrutura-organizacional/
br/instituto-federal-educacao-ciencia-tecnologia-pernambuco,"Instituto Federal de Educação, Ciência e Tecnologia de Pernambuco",IF PE,,,,br/ministerio-educacao,,,,,BR,,"Barreiros, PE, Brasil",,,http://repositorio.dados.gov.br/governo-politica/administracao-publica/estrutura-organizacional/
br/instituto-federal-educacao-ciencia-tecnologia-piaui,"Instituto Federal de Educação, Ciência e Tecnologia do Piauí",IF PI,,,,br/ministerio-educacao,,,,http://,BR,,"Praça da Liberdade, 1597, Teresina, PI, Brasil",,,http://repositorio.dados.gov.br/governo-politica/administracao-publica/estrutura-organizacional/
br/instituto-federal-educacao-ciencia-tecnologia-rio-grande-norte,"Instituto Federal de Educação, Ciência e Tecnologia do Rio Grande do Norte",IF RN,,,,br/ministerio-educacao,,,,http://www.ifrn.edu.br/,BR,,"Rua Dr. Nilo Bezerra Ramalho, nº 1692, Natal, RN, Brasil",,,http://repositorio.dados.gov.br/governo-politica/administracao-publica/estrutura-organizacional/
br/instituto-federal-educacao-ciencia-tecnologia-rio-grande-sul,"Instituto Federal de Educação, Ciência e Tecnologia do Rio Grande do Sul",IF RS,,,,br/ministerio-educacao,,,,http://www.ifrs.edu.br/site/,BR,,"Rua Travessa Santo Antônio, 179, Bento Gonçalves, RS, Brasil",,,http://repositorio.dados.gov.br/governo-politica/administracao-publica/estrutura-organizacional/
br/instituto-federal-educacao-ciencia-tecnologia-rio-janeiro,"Instituto Federal de Educação, Ciência e Tecnologia do Rio de Janeiro",IF RJ,,,,br/ministerio-educacao,,,,,BR,,"Rua Senador Furtado 121, Rio de Janeiro, RJ, Brasil",,,http://repositorio.dados.gov.br/governo-politica/administracao-publica/estrutura-organizacional/
br/instituto-federal-educacao-ciencia-tecnologia-rondonia,"Instituto Federal de Educação, Ciência e Tecnologia de Rondônia",IF RO,,,,br/ministerio-educacao,,,,,BR,,"Avenida Governador Jorge Teixeira 3146, Setor Industrial, Porto Velho, RO, Brasil",,,http://repositorio.dados.gov.br/governo-politica/administracao-publica/estrutura-organizacional/
br/instituto-federal-educacao-ciencia-tecnologia-roraima,"Instituto Federal de Educação, Ciência e Tecnologia de Roraima",IF RR,,,,br/ministerio-educacao,,,,http://,BR,,"Avenida Glycon de Paiva, Boa Vista, RR, Brasil",,,http://repositorio.dados.gov.br/governo-politica/administracao-publica/estrutura-organizacional/
br/instituto-federal-educacao-ciencia-tecnologia-santa-catarina,"Instituto Federal de Educação, Ciência e Tecnologia de Santa Catarina",IF SC,,,,br/ministerio-educacao,,,,ifsc.edu.br,BR,,"Avenida Mauro Ramos 755, Florianópolis, SC, Brasil",,,http://repositorio.dados.gov.br/governo-politica/administracao-publica/estrutura-organizacional/
br/instituto-federal-educacao-ciencia-tecnologia-sao-paulo,"Instituto Federal de Educação, Ciência e Tecnologia de São Paulo",IF SP,,,,br/ministerio-educacao,,,,http://www.ifsp.edu.br,BR,,"Rua Doutor Pedro Vicente, 625, São Paulo, SP, Brasil",,,http://repositorio.dados.gov.br/governo-politica/administracao-publica/estrutura-organizacional/
br/instituto-federal-educacao-ciencia-tecnologia-sergipe,"Instituto Federal de Educação, Ciência e Tecnologia de Sergipe",IFS,,,,br/ministerio-educacao,,,,,BR,,"São Cristóvão, SE, Brasil",,,http://repositorio.dados.gov.br/governo-politica/administracao-publica/estrutura-organizacional/
br/instituto-federal-educacao-ciencia-tecnologia-sertao-pernambucano,"Instituto Federal de Educação, Ciência e Tecnologia do Sertão Pernambucano",IF SPE,,,,br/ministerio-educacao,,,,,BR,,"Petrolina, PE, Brasil",,,http://repositorio.dados.gov.br/governo-politica/administracao-publica/estrutura-organizacional/
br/instituto-federal-educacao-ciencia-tecnologia-sudeste-minas-gerais,"Instituto Federal de Educação, Ciência e Tecnologia do Sudeste de Minas Gerais",IFMGSE,,,,br/ministerio-educacao,,,,,BR,,"Rua Francisco Bernardino, nº 165, 6º Andar, sala 611, Juiz de Fora, MG, Brasil",,,http://repositorio.dados.gov.br/governo-politica/administracao-publica/estrutura-organizacional/
br/instituto-federal-educacao-ciencia-tecnologia-sul-minas-gerais,"Instituto Federal de Educação, Ciência e Tecnologia do Sul de Minas Gerais",IF MG S,,,,br/ministerio-educacao,,,,,BR,,"Inconfidentes, MG, Brasil",,,http://repositorio.dados.gov.br/governo-politica/administracao-publica/estrutura-organizacional/
br/instituto-federal-educacao-ciencia-tecnologia-sul-rio-grandense,"Instituto Federal de Educação, Ciência e Tecnologia  Sul-Rio-Grandense",IFSul,,,,br/ministerio-educacao,,,,http://www.ifsul.edu.br/,BR,,"Praça Vinte de Setembro, nº 455, Centro, Sala 126, Pelotas, RS, Brasil",,,http://repositorio.dados.gov.br/governo-politica/administracao-publica/estrutura-organizacional/
br/instituto-federal-educacao-ciencia-tecnologia-tocantins,"Instituto Federal de Educação, Ciência e Tecnologia do Tocantins",IF TO,,,,br/ministerio-educacao,,,,www.ifto.edu.br,BR,,"Avenida Teotônio Segurado, s/n, Edifíco Carpe Diem, Lote 03, 7º andar sala 708, Palmas, TO, Brasil",,,http://repositorio.dados.gov.br/governo-politica/administracao-publica/estrutura-organizacional/
br/instituto-federal-educacao-ciencia-tecnologia-triangulo-mineiro,"Instituto Federal de Educação, Ciência e Tecnologia do Triângulo Mineiro",IF TM-Reitoria,,,,br/ministerio-educacao,,,,,BR,,"Rua Tupaciguara, Uberaba, Uberaba, MG, Brasil",,,http://repositorio.dados.gov.br/governo-politica/administracao-publica/estrutura-organizacional/
br/instituto-nacional-colonizacao-reforma-agraria,Instituto Nacional de Colonização e Reforma Agrária,INCRA,,,,br/ministerio-desenvolvimento-agrario,,,,http://www.incra.gov.br,BR,,"SBN, Quadra 01 Bl. C Ed. Palácio do Desenvolvi-, mento 10º Andar, Brasília, DF, Brasil",,,http://repositorio.dados.gov.br/governo-politica/administracao-publica/estrutura-organizacional/
br/instituto-nacional-estudos-pesquisas-educacionais-anisio-teixeira,Instituto Nacional de Estudos e Pesquisas Educacionais Anísio Teixeira,INEP,,,,br/ministerio-educacao,,,,http://www.inep.gov.br,BR,,"Esplanada dos Ministérios, Bloco L, Anexos I e II 4º andar, Brasília, DF, Brasil",,,http://repositorio.dados.gov.br/governo-politica/administracao-publica/estrutura-organizacional/
br/instituto-nacional-metrologia-qualidade-tecnologia,"Instituto Nacional de Metrologia, Qualidade e Tecnologia",INMETRO,,,,br/ministerio-desenvolvimento-industria-comercio-exterior,,,,http://www.inmetro.gov.br,BR,,"Rua Santa Alexandrina, 416, 10º andar, Rio de Janeiro, RJ, Brasil",,,http://repositorio.dados.gov.br/governo-politica/administracao-publica/estrutura-organizacional/
br/instituto-nacional-propriedade-industrial,Instituto Nacional da Propriedade Industrial,INPI,,,,br/ministerio-desenvolvimento-industria-comercio-exterior,,,,http://www.inpi.gov.br,BR,,"Praça Mauá, 7, 18 Andar, Centro, Rio de Janeiro, RJ, Brasil",,,http://repositorio.dados.gov.br/governo-politica/administracao-publica/estrutura-organizacional/
br/instituto-nacional-seguro-social,Instituto Nacional do Seguro Social,INSS,,,,br/ministerio-previdencia-social,,,,http://www.previdencia.gov.br,BR,,"SBN Q. 02 Bl. E 14º andar Gabinete, Brasília, DF, Brasil",,,http://repositorio.dados.gov.br/governo-politica/administracao-publica/estrutura-organizacional/
br/instituto-nacional-tecnologia-informacao,Instituto Nacional de Tecnologia da Informação,ITI,,,,br/casa-civil-presidencia-republica,,,,http://www.iti.gov.br,BR,,"SCN Quadra 04, Bloco B, Pétala D, sala 1102 Edifício Centro Empresarial Varig,  , Brasília, DF, Brasil",,,http://repositorio.dados.gov.br/governo-politica/administracao-publica/estrutura-organizacional/
br/instituto-patrimonio-historico-artistico-nacional,Instituto do Patrimônio Histórico e Artístico Nacional,IPHAN,,,,br/ministerio-cultura,,,,http://www.iphan.gov.br,BR,,"SBN, Quadra 02, Bloco F, Edifício Central Brasília, 6º andar, Brasília, DF, Brasil",,,http://repositorio.dados.gov.br/governo-politica/administracao-publica/estrutura-organizacional/
br/instituto-pesquisas-jardim-botanico-rio-janeiro,Instituto de Pesquisas Jardim Botânico do Rio de Janeiro,JBRJ,,,,br/ministerio-meio-ambiente,,,,http://www.jbrj.gov.br,BR,,"Rua Pacheco Leão, 915, Rio de Janeiro, RJ, Brasil",,,http://repositorio.dados.gov.br/governo-politica/administracao-publica/estrutura-organizacional/
br/irb-brasil-resseguros-sa,IRB-Brasil Resseguros S/A,IRB-Brasil Re,,,,br/ministerio-fazenda,,,,http://www.irb-brasilre.com.br/mail_frame.htm,BR,,"AV. MARECHAL CÂMARA, N 171, 8 ANDAR - CENTRO, Rio de Janeiro, RJ, Brasil",,,http://repositorio.dados.gov.br/governo-politica/administracao-publica/estrutura-organizacional/
br/ministerio-agricultura-pecuaria-abastecimento,"Ministério da Agricultura, Pecuária e Abastecimento",MAPA,,,,br/presidencia-republica,,,,http://www.agricultura.gov.br/,BR,,"Esplanada dos Ministérios, Bloco D, 8º Andar, Brasília, DF, Brasil",,,http://repositorio.dados.gov.br/governo-politica/administracao-publica/estrutura-organizacional/
br/ministerio-cidades,Ministério das Cidades,MCIDADES,,,,br/presidencia-republica,,,,www.cidades.gov.br,BR,,"Quadra 01, Lote 01/06, Bloco H, Ed. Telemundi II , Brasília, DF, Brasil",,,http://repositorio.dados.gov.br/governo-politica/administracao-publica/estrutura-organizacional/
br/ministerio-ciencia-tecnologia-inovacao,"Ministério da Ciência, Tecnologia e Inovação",MCTI,,,,br/presidencia-republica,,,,http://www.mct.gov.br/,BR,,"Esplanada dos Ministérios, Bloco E, 4º Andar, Brasília, DF, Brasil",,,http://repositorio.dados.gov.br/governo-politica/administracao-publica/estrutura-organizacional/
br/ministerio-comunicacoes,Ministério das Comunicações,MC,,,,br/presidencia-republica,,,,http://www.mc.gov.br/,BR,,"Esplanada dos Ministérios, Bloco R, 8º Andar sala 800, Brasília, DF, Brasil",,,http://repositorio.dados.gov.br/governo-politica/administracao-publica/estrutura-organizacional/
br/ministerio-cultura,Ministério da Cultura,MinC,,,,br/presidencia-republica,,,,http://www.cultura.gov.br/,BR,,"Esplanada dos Ministérios, Bloco B, 4º andar, Brasília, DF, Brasil",,,http://repositorio.dados.gov.br/governo-politica/administracao-publica/estrutura-organizacional/
br/ministerio-defesa,Ministério da Defesa,MD,,,,br/presidencia-republica,,,,http://www.defesa.gov.br,BR,,"Esplanada dos Ministérios, Bloco Q, 6 andar, Brasília, DF, Brasil",,,http://repositorio.dados.gov.br/governo-politica/administracao-publica/estrutura-organizacional/
br/ministerio-desenvolvimento-agrario,Ministério do Desenvolvimento Agrário,MDA,,,,br/presidencia-republica,,,,http://www.mda.gov.br,BR,,"Esplanada dos Ministérios, Bloco A, Brasília, DF, Brasil",,,http://repositorio.dados.gov.br/governo-politica/administracao-publica/estrutura-organizacional/
br/ministerio-desenvolvimento-industria-comercio-exterior,"Ministério do Desenvolvimento, Indústria e Comércio Exterior",MDIC,,,,br/presidencia-republica,,,,http://www.desenvolvimento.gov.br,BR,,"Esplanada dos Ministérios, Bloco J, Brasília, DF, Brasil",,,http://repositorio.dados.gov.br/governo-politica/administracao-publica/estrutura-organizacional/
br/ministerio-desenvolvimento-social-combate-a-fome,Ministério do Desenvolvimento Social e Combate à Fome,MDS,,,,br/presidencia-republica,,,,http://www.mds.gov.br,BR,,"Esplanada dos Ministérios,  Bloco C, Brasília, DF, Brasil",,,http://repositorio.dados.gov.br/governo-politica/administracao-publica/estrutura-organizacional/
br/ministerio-educacao,Ministério da Educação,MEC,,,,br/presidencia-republica,,,,http://www.mec.gov.br/,BR,,"Esplanada dos Ministérios, Bloco L, 7º andar , Brasília, DF, Brasil",,,http://repositorio.dados.gov.br/governo-politica/administracao-publica/estrutura-organizacional/
br/ministerio-esporte,Ministério do Esporte,ME,,,,br/presidencia-republica,,,,http://www.esporte.gov.br,BR,,"Esplanada dos Ministérios, Bloco A, Brasília, DF, Brasil",,,http://repositorio.dados.gov.br/governo-politica/administracao-publica/estrutura-organizacional/
br/ministerio-fazenda,Ministério da Fazenda,MF,,,,br/presidencia-republica,,,,http://www.fazenda.gov.br,BR,,"Esplanada dos Ministérios, Bloco P, 5º andar, Brasília, DF, Brasil",,,http://repositorio.dados.gov.br/governo-politica/administracao-publica/estrutura-organizacional/
br/ministerio-integracao-nacional,Ministério da Integração Nacional,MI,,,,br/presidencia-republica,,,,http://www.integracao.gov.br,BR,,"Esplanada dos Ministérios, Bloco E, Brasília, DF, Brasil",,,http://repositorio.dados.gov.br/governo-politica/administracao-publica/estrutura-organizacional/
br/ministerio-justica,Ministério da Justiça,MJ,,,,br/presidencia-republica,,,,http://www.mj.gov.br/,BR,,"Esplanada dos Ministérios, Bloco T, 4º Andar, Brasília, DF, Brasil",,,http://repositorio.dados.gov.br/governo-politica/administracao-publica/estrutura-organizacional/
br/ministerio-meio-ambiente,Ministério do Meio Ambiente,MMA,,,,br/presidencia-republica,,,,http://www.mma.gov.br,BR,,"Esplanada dos Ministérios, Bloco B, 5º Andar, Brasília, DF, Brasil",,,http://repositorio.dados.gov.br/governo-politica/administracao-publica/estrutura-organizacional/
br/ministerio-minas-energia,Ministério de Minas e Energia,MME,,,,br/presidencia-republica,,,,http://www.mme.gov.br,BR,,"Esplanada dos Ministérios, Bloco U, Brasília, DF, Brasil",,,http://repositorio.dados.gov.br/governo-politica/administracao-publica/estrutura-organizacional/
br/ministerio-pesca-aquicultura,Ministério da Pesca e Aquicultura,MPA,,,,br/presidencia-republica,,,,http://www.presidencia.gov.br/seap ,BR,,"Esplanada dos Ministérios, Bl. D. Ed. Sede, Brasília, DF, Brasil",,,http://repositorio.dados.gov.br/governo-politica/administracao-publica/estrutura-organizacional/
br/ministerio-planejamento-orcamento-gestao,"Ministério do Planejamento, Orçamento e Gestão",MP,,,,br/presidencia-republica,,,,http://www.planejamento.gov.br,BR,,"Esplanada dos Ministérios, Bloco K, Brasília, DF, Brasil",,,http://repositorio.dados.gov.br/governo-politica/administracao-publica/estrutura-organizacional/
br/ministerio-previdencia-social,Ministério da Previdência Social,MPS,,,,br/presidencia-republica,,,,http://www.mpas.gov.br/,BR,,"Esplanada dos Ministérios, Bloco F, 8º Andar, Brasília, DF, Brasil",,,http://repositorio.dados.gov.br/governo-politica/administracao-publica/estrutura-organizacional/
br/ministerio-relacoes-exteriores,Ministério das Relações Exteriores,MRE,,,,br/presidencia-republica,,,,http://www.mre.gov.br/,BR,,"Esplanada dos Ministérios - Bloco H, Brasília, DF, Brasil",,,http://repositorio.dados.gov.br/governo-politica/administracao-publica/estrutura-organizacional/
br/ministerio-saude,Ministério da Saúde,MS,,,,br/presidencia-republica,,,,http://www.saude.gov.br/,BR,,"Esplanada dos Ministérios, Bloco G, 5º Andar , Brasília, DF, Brasil",,,http://repositorio.dados.gov.br/governo-politica/administracao-publica/estrutura-organizacional/
br/ministerio-trabalho-emprego,Ministério do Trabalho e Emprego,MTE,,,,br/presidencia-republica,,,,http://www.mte.gov.br/,BR,,"Esplanada dos Ministérios, Bloco F, 5º Andar , Gabinete, Brasília, DF, Brasil",,,http://repositorio.dados.gov.br/governo-politica/administracao-publica/estrutura-organizacional/
br/ministerio-transportes,Ministério dos Transportes,MT,,,,br/presidencia-republica,,,,http://www.transportes.gov.br,BR,,"Esplanada dos Ministérios, Bloco R, Brasília, DF, Brasil",,,http://repositorio.dados.gov.br/governo-politica/administracao-publica/estrutura-organizacional/
br/ministerio-turismo,Ministério do Turismo,MTur,,,,br/presidencia-republica,,,,www.turismo.gov.br,BR,,"Esplanada dos Ministérios Bl. U - Gabinete 2º, Andar Ala Norte, Brasília, DF, Brasil",,,http://repositorio.dados.gov.br/governo-politica/administracao-publica/estrutura-organizacional/
br/nuclebras-equipamentos-pesados-sa,Nuclebrás Equipamentos Pesados S/A,NUCLEP,,,,br/comissao-nacional-energia-nuclear,,,,http://www.nuclep.gov.br/,BR,,"Av. Marechal Câmara, 160 - Sl. 833 - CASTELO, Rio de Janeiro, RJ, Brasil",,,http://repositorio.dados.gov.br/governo-politica/administracao-publica/estrutura-organizacional/
br/petroleo-brasileiro-sa,Petróleo Brasileiro S.A.,PETROBRAS,,,,br/ministerio-minas-energia,,,,http://www.petrobras.com.br/,BR,,"Avenida República do Chile Nº 65 , EDifício M.Adenar de Queiroz, 23ºAndar, Rio de Janeiro, RJ, Brasil",,,http://repositorio.dados.gov.br/governo-politica/administracao-publica/estrutura-organizacional/
br/secretaria-assuntos-estrategicos-presidencia-republica,Secretaria de Assuntos Estratégicos da Presidência da República,SAE/PR,,,,br/presidencia-republica,,,,http://www.sae.gov.br/,BR,,"Esplanada dos Ministérios Bloco O 8º Andar , Brasília, DF, Brasil",,,http://repositorio.dados.gov.br/governo-politica/administracao-publica/estrutura-organizacional/
br/secretaria-aviacao-civil-presidencia-republica,Secretaria de Aviação Civil da Presidência da República,SAC,,,,br/presidencia-republica,,,,http://www.aviacaocivil.gov.br/,BR,,"Centro Cultural Banco do Brasil (CCBB), Setor de Clubes Sul, trecho 2, lote 22, Portaria 1, 1º Andar, Brasília, DF, Brasil",,,http://repositorio.dados.gov.br/governo-politica/administracao-publica/estrutura-organizacional/
br/secretaria-comunicacao-social-presidencia-republica,Secretaria de Comunicação Social da Presidência da República,SECOM-PR,,,,br/presidencia-republica,,,,,BR,,"Palácio do Planalto, Praça dos Três Poderes, Brasília, DF, Brasil",,,http://repositorio.dados.gov.br/governo-politica/administracao-publica/estrutura-organizacional/
br/secretaria-direitos-humanos-presidencia-republica,Secretaria de Direitos Humanos da Presidência da República,SDH,,,,br/presidencia-republica,,,,https://www.presidencia.gov.br/sedh/,BR,,"Esplanada dos Ministérios - Bloco T - Sala 420 - Edifício Sede do Ministério da Justiça, Brasília, DF, Brasil",,,http://repositorio.dados.gov.br/governo-politica/administracao-publica/estrutura-organizacional/
br/secretaria-geral-presidencia-republica,Secretaria-Geral da Presidência da República,SGPR,,,,br/presidencia-republica,,,,http://www.presidencia.gov.br/SecGeral,BR,,"Pça. dos Três Poderes, Palácio do Planalto , 4º Andar, Brasília, DF, Brasil",,,http://repositorio.dados.gov.br/governo-politica/administracao-publica/estrutura-organizacional/
br/secretaria-politicas-mulheres-presidencia-republica,Secretaria de Políticas para as Mulheres da Presidência da República,SPM,,,,br/presidencia-republica,,,,http://www.presidencia.gov.br/spmulheres/fale/,BR,,"Esplanada dos Ministérios Bloco L - Ed. Sede , 2º andar sala 200, Brasília, DF, Brasil",,,http://repositorio.dados.gov.br/governo-politica/administracao-publica/estrutura-organizacional/
br/secretaria-politicas-promocao-igualdade-racial-presidencia-republica,Secretaria de Políticas de Promoção da Igualdade Racial da Presidência da República,SEPPIR,,,,br/presidencia-republica,,,,https://www.presidencia.gov.br/seppir/,BR,,"Esplanada dos Ministérios, Bloco A , 9º andar, Brasília, DF, Brasil",,,http://repositorio.dados.gov.br/governo-politica/administracao-publica/estrutura-organizacional/
br/secretaria-portos-presidencia-republica,Secretaria de Portos da Presidência da República,SEP,,,,br/presidencia-republica,,,,,BR,,"Brasília, DF, Brasil",,,http://repositorio.dados.gov.br/governo-politica/administracao-publica/estrutura-organizacional/
br/secretaria-relacoes-institucionais-presidencia-republica,Secretaria de Relações Institucionais da Presidência da República,SRIPR,,,,br/presidencia-republica,,,,http://www.planalto.gov.br,BR,,"Praça dos Três Poderes, Palácio do Planalto, 4º Andar, Brasília, DF, Brasil",,,http://repositorio.dados.gov.br/governo-politica/administracao-publica/estrutura-organizacional/
br/servico-federal-processamento-dados,Serviço Federal de Processamento de Dados,SERPRO,,,,br/ministerio-fazenda,,,,http://www.serpro.gov.br/,BR,,"SERPRO/Sede - SGAN 601- MODULO V, Brasília, DF, Brasil",,,http://repositorio.dados.gov.br/governo-politica/administracao-publica/estrutura-organizacional/
br/superintendencia-desenvolvimento-amazonia,Superintendência do Desenvolvimento da Amazônia,SUDAM,,,,br/ministerio-integracao-nacional,,,,www.mi.gov.br,BR,,"Av. Almirante Barroso, 426, Belém, PA, Brasil",,,http://repositorio.dados.gov.br/governo-politica/administracao-publica/estrutura-organizacional/
br/superintendencia-desenvolvimento-centro-oeste,Superintendência de Desenvolvimento do Centro-Oeste,SUDECO,,,,br/ministerio-integracao-nacional,,,,www.mi.gov.br,BR,,"Av. Almirante Barroso, 426, Brasil",,,http://repositorio.dados.gov.br/governo-politica/administracao-publica/estrutura-organizacional/
br/superintendencia-desenvolvimento-nordeste,Superintendência do Desenvolvimento do Nordeste,SUDENE,,,,br/ministerio-integracao-nacional,,,,www.sudene.gov.br- ,BR,,"Praça Ministro João Gonçalves de Souza, s/n, Ed. Sudene, Engenho do Meio, Recife, PE, Brasil",,,http://repositorio.dados.gov.br/governo-politica/administracao-publica/estrutura-organizacional/
br/superintendencia-nacional-previdencia-complementar,Superintendência Nacional de Previdência Complementar,PREVIC,,,,br/ministerio-previdencia-social,,,,,BR,,", Brasil",,,http://repositorio.dados.gov.br/governo-politica/administracao-publica/estrutura-organizacional/
br/superintendencia-seguros-privados,Superintendência de Seguros Privados,SUSEP,,,,br/ministerio-fazenda,,,,http://www.susep.gov.br/faleconosco.asp,BR,,"Rua Buenos Aires, 256, 4º andar, Rio de Janeiro, RJ, Brasil",,,http://repositorio.dados.gov.br/governo-politica/administracao-publica/estrutura-organizacional/
br/superintendencia-zona-franca-manaus,Superintendência da Zona Franca de Manaus,SUFRAMA,,,,br/ministerio-desenvolvimento-industria-comercio-exterior,,,,http://www.suframa.gov.br,BR,,"Av. Ministro João Gonçalves de Souza, s/n, Manaus, AM, Brasil",,,http://repositorio.dados.gov.br/governo-politica/administracao-publica/estrutura-organizacional/
br/telecomunicacoes-brasileiras-sa,Telecomunicações Brasileiras S.A.,TELEBRÁS,,,,br/ministerio-comunicacoes,,,,http://www.telebras.gov.br,BR,,"SCN - Quadra 04 - Bl B Sala 903  , Centro Empresarial, Brasília, DF, Brasil",,,http://repositorio.dados.gov.br/governo-politica/administracao-publica/estrutura-organizacional/
br/universidade-federal-alagoas,Universidade Federal de Alagoas,UFAL,,,,br/ministerio-educacao,,,,http://www.ufal.br,BR,,"Campus  A .C. Simões, BR 104, Km 14, Bloco 12, Maceió, AL, Brasil",,,http://repositorio.dados.gov.br/governo-politica/administracao-publica/estrutura-organizacional/
br/universidade-federal-alfenas,Universidade Federal de Alfenas,UNIFAL-MG,,,,br/ministerio-educacao,,,,http://www.unifal-mg.edu.br/,BR,,"Rua Gabriel Monteiro da Silva, 714, Centro, Alfenas, MG, Brasil",,,http://repositorio.dados.gov.br/governo-politica/administracao-publica/estrutura-organizacional/
br/universidade-federal-bahia,Universidade Federal da Bahia,UFBA,,,,br/ministerio-educacao,,,,http://www.ufba.br,BR,,"Rua Augusto Viana, S/N, Palácio da Reitoria, Salvador, BA, Brasil",,,http://repositorio.dados.gov.br/governo-politica/administracao-publica/estrutura-organizacional/
br/universidade-federal-campina-grande,Universidade Federal de Campina Grande,UFCG,,,,br/ministerio-educacao,,,,http://www.ufcg.edu.br/principal.html,BR,,"Setor de Administração Federal Sul, Lote 01 , Brasil",,,http://repositorio.dados.gov.br/governo-politica/administracao-publica/estrutura-organizacional/
br/universidade-federal-ceara,Universidade Federal do Ceará,UFC,,,,br/ministerio-educacao,,,,www.ufc.br,BR,,"Avenida da Universidade, 2853 - Benfica, Fortaleza, CE, Brasil",,,http://repositorio.dados.gov.br/governo-politica/administracao-publica/estrutura-organizacional/
br/universidade-federal-espirito-santo,Universidade Federal do Espírito Santo,UFES,,,,br/ministerio-educacao,,,,http://www.ufes.br/,BR,,"Avenida Fernando Ferrari, S/n, Campus Universitári, Vitória, ES, Brasil",,,http://repositorio.dados.gov.br/governo-politica/administracao-publica/estrutura-organizacional/
br/universidade-federal-estado-rio-janeiro,Universidade Federal do Estado do Rio de Janeiro,UNIRIO,,,,br/ministerio-educacao,,,,http://www.unirio.br/,BR,,"Avenida Pasteur, 296, Rio de Janeiro, RJ, Brasil",,,http://repositorio.dados.gov.br/governo-politica/administracao-publica/estrutura-organizacional/
br/universidade-federal-fluminense,Universidade Federal Fluminense,UFF,,,,br/ministerio-educacao,,,,http://www.uff.br,BR,,"Rua Miguel de Frias, 9, 7 Andar, Niterói, RJ, Brasil",,,http://repositorio.dados.gov.br/governo-politica/administracao-publica/estrutura-organizacional/
br/universidade-federal-fronteira-sul,Universidade Federal da Fronteira Sul,UFFS,,,,br/ministerio-educacao,,,,,BR,,"Chapecó, SC, Brasil",,,http://repositorio.dados.gov.br/governo-politica/administracao-publica/estrutura-organizacional/
br/universidade-federal-goias,Universidade Federal de Goiás,UFG,,,,br/ministerio-educacao,,,,http://www.ufg.br,BR,,"Rod. Goiânia - Nerópolis, km 12 Prédio da Reitoria, Goiânia, GO, Brasil",,,http://repositorio.dados.gov.br/governo-politica/administracao-publica/estrutura-organizacional/
br/universidade-federal-integracao-latino-americana,Universidade Federal da Integração Latino-Americana,UNILA,,,,br/ministerio-educacao,,,,http://www.unila.ufpr.br/,BR,,"Av. Tancredo Neves, 6731, Bloco 4, Foz do Iguaçu, PR, Brasil",,,http://repositorio.dados.gov.br/governo-politica/administracao-publica/estrutura-organizacional/
br/universidade-federal-itajuba,Universidade Federal de Itajubá,UNIFEI,,,,br/ministerio-educacao,,,,www.unifei.edu.br,BR,,"Avenida BPS, 1303, Campus Prof. Jose Rodrigues Seabra, Caixa Postal 50, Itajubá, MG, Brasil",,,http://repositorio.dados.gov.br/governo-politica/administracao-publica/estrutura-organizacional/
br/universidade-federal-juiz-fora,Universidade Federal de Juiz de Fora,UFJF,,,,br/ministerio-educacao,,,,http://www.ufjf.br,BR,,"Rua Benjamin Constant, 790, Centro, Juiz de Fora, MG, Brasil",,,http://repositorio.dados.gov.br/governo-politica/administracao-publica/estrutura-organizacional/
br/universidade-federal-lavras,Universidade Federal de Lavras,UFLA,,,,br/ministerio-educacao,,,,http://www.ufla.br/,BR,,"Campus Universitário, Pavilhão Central, Lavras, MG, Brasil",,,http://repositorio.dados.gov.br/governo-politica/administracao-publica/estrutura-organizacional/
br/universidade-federal-minas-gerais,Universidade Federal de Minas Gerais,UFMG,,,,br/ministerio-educacao,,,,http://www.ufmg.br,BR,,"Avenida Antonio Carlos , 6627 - Reitoria - Campus, Belo Horizonte, MG, Brasil",,,http://repositorio.dados.gov.br/governo-politica/administracao-publica/estrutura-organizacional/
br/universidade-federal-oeste-para,Universidade Federal do Oeste do Pará,UFOPA,,,,br/ministerio-educacao,,,,http://www. ufopa.edu.br,BR,,"Rua Vera Paz, s/n , Santarém, PA, Brasil",,,http://repositorio.dados.gov.br/governo-politica/administracao-publica/estrutura-organizacional/
br/universidade-federal-para,Universidade Federal do Pará,UFPA,,,,br/ministerio-educacao,,,,http://www.ufpa.br,BR,,"Rua Augusto Correa, s/n Prédio da Reitoria, Belém, PA, Brasil",,,http://repositorio.dados.gov.br/governo-politica/administracao-publica/estrutura-organizacional/
br/universidade-federal-paraiba,Universidade Federal da Paraíba,UFPB,,,,br/ministerio-educacao,,,,http://www.ufpb.br/,BR,,"Campus Universitário - Prédio da Reitoria, João Pessoa, PB, Brasil",,,http://repositorio.dados.gov.br/governo-politica/administracao-publica/estrutura-organizacional/
br/universidade-federal-parana,Universidade Federal do Paraná,UFPR,,,,br/ministerio-educacao,,,,http://www.ufpr.br/,BR,,"Rua XV de Novembro, 1299, Centro, Curitiba, PR, Brasil",,,http://repositorio.dados.gov.br/governo-politica/administracao-publica/estrutura-organizacional/
br/universidade-federal-pernambuco,Universidade Federal de Pernambuco,UFPE,,,,br/ministerio-educacao,,,,http:/www.ufpe.br,BR,,"Avenida Professor Moraes Rego, 1235 Cidade Universitária, Recife, PE, Brasil",,,http://repositorio.dados.gov.br/governo-politica/administracao-publica/estrutura-organizacional/
br/universidade-federal-reconcavo-bahia,Universidade Federal do Recôncavo da Bahia,UFRB,,,,br/ministerio-educacao,,,,,BR,,"Cruz das Almas, BA, Brasil",,,http://repositorio.dados.gov.br/governo-politica/administracao-publica/estrutura-organizacional/
br/universidade-federal-rio-grande-norte,Universidade Federal do Rio Grande do Norte,UFRN,,,,br/ministerio-educacao,,,,http://www.ufrn.br/,BR,,"Campus Universitário, Lagoa Nova, Natal, RN, Brasil",,,http://repositorio.dados.gov.br/governo-politica/administracao-publica/estrutura-organizacional/
br/universidade-federal-rio-grande-sul,Universidade Federal do Rio Grande do Sul,UFRGS,,,,br/ministerio-educacao,,,,http://www.ufrgs.br/universidadeviva/,BR,,"Avenida Paulo Gama, 110, 6º Andar, Porto Alegre, RS, Brasil",,,http://repositorio.dados.gov.br/governo-politica/administracao-publica/estrutura-organizacional/
br/universidade-federal-rio-janeiro,Universidade Federal do Rio de Janeiro,UFRJ,,,,br/ministerio-educacao,,,,http://www.ufrj.br,BR,,"Cidade Universitária, Ilha do Fundão Ed. da Reitoria, Rio de Janeiro, RJ, Brasil",,,http://repositorio.dados.gov.br/governo-politica/administracao-publica/estrutura-organizacional/
br/universidade-federal-rural-amazonia,Universidade Federal Rural da Amazônia,UFRA,,,,br/ministerio-educacao,,,,http://www.ufra.edu.br/,BR,,"Av. Presidente Tancredo Neves, nº2501, Belém, PA, Brasil",,,http://repositorio.dados.gov.br/governo-politica/administracao-publica/estrutura-organizacional/
br/universidade-federal-rural-pernambuco,Universidade Federal Rural de Pernambuco,UFRPE,,,,br/ministerio-educacao,,,,http://www.ufrpe.br/,BR,,"Rua Dom Manoel de Medeiros, S/n, Dois Irmãos, Recife, PE, Brasil",,,http://repositorio.dados.gov.br/governo-politica/administracao-publica/estrutura-organizacional/
br/universidade-federal-rural-rio-janeiro,Universidade Federal Rural do Rio de Janeiro,UFRRJ,,,,br/ministerio-educacao,,,,http://www.ufrrj.br/,BR,,"Antiga Rodovia Rio-São Br 465 - Km 47 - Seropédica, Rio de Janeiro, RJ, Brasil",,,http://repositorio.dados.gov.br/governo-politica/administracao-publica/estrutura-organizacional/
br/universidade-federal-rural-semi-arido,Universidade Federal Rural do Semi-Árido,UFERSA-RN,,,,br/ministerio-educacao,,,,http://www.ufersa.edu.br,BR,,"Rodovia BR 110, Km 47, Mossoró, RN, Brasil",,,http://repositorio.dados.gov.br/governo-politica/administracao-publica/estrutura-organizacional/
br/universidade-federal-santa-catarina,Universidade Federal de Santa Catarina,UFSC,,,,br/ministerio-educacao,,,,http://www.ufsc.br/,BR,,"Campus Universitário Reitor João David Ferreira Lima, Florianópolis, SC, Brasil",,,http://repositorio.dados.gov.br/governo-politica/administracao-publica/estrutura-organizacional/
br/universidade-federal-santa-maria,Universidade Federal de Santa Maria,UFSM,,,,br/ministerio-educacao,,,,http://www.ufsm.br,BR,,"Faixa de Camobi, Km 9, Cidade Universitária Edifício Reitoria, Santa Maria, RS, Brasil",,,http://repositorio.dados.gov.br/governo-politica/administracao-publica/estrutura-organizacional/
br/universidade-federal-sao-paulo,Universidade Federal de São Paulo,UNIFESP,,,,br/ministerio-educacao,,,,http://www.unifesp.br/,BR,,"Rua Botucatu, 740, 5º andar, São Paulo, SP, Brasil",,,http://repositorio.dados.gov.br/governo-politica/administracao-publica/estrutura-organizacional/
br/universidade-federal-triangulo-mineiro,Universidade Federal do Triângulo Mineiro,UFTM,,,,br/ministerio-educacao,,,,http://,BR,,"Rua Frei Paulino, 40, Uberaba, MG, Brasil",,,http://repositorio.dados.gov.br/governo-politica/administracao-publica/estrutura-organizacional/
br/universidade-federal-uberlandia,Universidade Federal de Uberlândia,UFU,,,,br/ministerio-educacao,,,,http://www.ufu.br,BR,,"Avenida Engenheiro Diniz, 1178 - Reitoria, Uberlândia, MG, Brasil",,,http://repositorio.dados.gov.br/governo-politica/administracao-publica/estrutura-organizacional/
br/universidade-federal-vales-jequitinhonha-mucuri,Universidade Federal dos Vales do Jequitinhonha e Mucuri,UFVJM,,,,br/ministerio-educacao,,,,,BR,,"Rua da Glória, 187, Centro, Diamantina, MG, Brasil",,,http://repositorio.dados.gov.br/governo-politica/administracao-publica/estrutura-organizacional/
br/universidade-integracao-internacional-lusofonia-afro-brasileira,Universidade da Integração Internacional da Lusofonia Afro-Brasileira,UNILAB,,,,br/ministerio-educacao,,,,,BR,,"Redenção, CE, Brasil",,,http://repositorio.dados.gov.br/governo-politica/administracao-publica/estrutura-organizacional/
br/universidade-tecnologica-federal-parana,Universidade Tecnológica Federal do Paraná,UTFPR,,,,br/ministerio-educacao,,,,http://www.utfpr.edu.br/,BR,,"Avenida 7 de Setembro, 3165, Curitiba, PR, Brasil",,,http://repositorio.dados.gov.br/governo-politica/administracao-publica/estrutura-organizacional/
br/valec-engenharia-construcoes-ferrovias-sa,"VALEC-Engenharia, Construções e Ferrovias S/A ",VALEC,,,,br/ministerio-transportes,,,,www.valec.gov.br,BR,,"Qd.01 Bl. F, 15º ao 20º andares - Edf. Palácio da Agricultura, SBN, Brasília, DF, Brasil",,,http://repositorio.dados.gov.br/governo-politica/administracao-publica/estrutura-organizacional/
br/vice-presidencia-republica,Vice-Presidência da República,VPR,,,,br/presidencia-republica,,,,,BR,,"Palácio do Planalto, Anexo II Térreo, Brasília, DF, Brasil",,,http://repositorio.dados.gov.br/governo-politica/administracao-publica/estrutura-organizacional/
